SDG,Color
SDG 1,#E5243B
SDG 2,#DDA63A
SDG 3,#4C9F38
SDG 4,#C5192D
SDG 5,#FF3A21
SDG 6,#26BDE2
SDG 7,#FCC30B
SDG 8,#A21942
SDG 9,#FD6925
SDG 10,#DD1367
SDG 11,#FD9D24
SDG 12,#BF8B2E
SDG 13,#3F7E44
SDG 14,#0A97D9
SDG 15,#56C02B
SDG 16,#00689D
SDG 17,#19486A
